issue,issue_date,app_no,filing_date,adv_date,nice_class,sector,applicant,address,country,mark,opposition_from,opposition_to,intent,intent_reason
08/2023,2023-09-25,1663,2023-05-24,2023-09-25,5,pharma,DSM IP Assets B.V.,Het Overloon 1 6411 TE HEERLEN The Netherlands,NL,,2023-09-25,2023-11-10,goods: distribution via importers,class 5 (pharma) is a goods class
08/2023,2023-09-25,1712,2023-07-02,2023-09-25,32,beverages,Altakamol lnternational Co. Ltd,"Al Numan Tower, 4th floor, Hayel St., Sana’a, Yemen.",,,2023-09-25,2023-11-10,goods: distribution via importers; broad entry (3 classes this issue),class 32 (beverages) is a goods class
08/2023,2023-09-25,1709,2023-06-22,2023-09-25,2,paints,Altakamol lnternational Co. Ltd,"Al Numan Tower, 4th floor, Hayel St., Sana’a, Yemen.",,,2023-09-25,2023-11-10,goods: distribution via importers; broad entry (3 classes this issue),class 2 (paints) is a goods class
08/2023,2023-09-25,1708,2023-06-22,2023-09-25,2,paints,Altakamol lnternational Co. Ltd,"Al Numan Tower, 4th floor, Hayel St., Sana’a, Yemen.",,LIFEVAC,2023-09-25,2023-11-10,goods: distribution via importers; broad entry (3 classes this issue),class 2 (paints) is a goods class
08/2023,2023-09-25,1704,2023-06-19,2023-09-25,10,class 10,Life Vac LLC,"110 Lake Avenue South, Suite 35 Nesconset, NY 11767, United States of America",US,,2023-09-25,2023-11-10,goods: distribution via importers,class 10 (class 10) is a goods class
08/2023,2023-09-25,1698,"14 June, 2023                   SCHWEPPES",2023-09-25,32,beverages,EUROPEAN COMPANY,"Southgate, Dublin Road, Drogheda, County Louth A92 YK7W, Ireland (23) SO - Industrial Property Journal - No. 08/2023 25 st September, 2023",IE,REFRESHMENTS UNLIMITED,2023-09-25,2023-11-10,goods: distribution via importers,class 32 (beverages) is a goods class
08/2023,2023-09-25,1703,2023-06-17,2023-09-25,1,chemicals,VGP IPCO LLC,"100 Valvoline Way, Suite 200, Lexington, Kentucky 40509, United States of America.",US,,2023-09-25,2023-11-10,goods: distribution via importers; broad entry (3 classes this issue),class 1 (chemicals) is a goods class
08/2023,2023-09-25,1702,2023-06-17,2023-09-25,4,lubricants/fuels,VGP IPCO LLC,"100 Valvoline Way, Suite 200, Lexington, Kentucky 40509, United States of America.",US,,2023-09-25,2023-11-10,goods: distribution via importers; broad entry (3 classes this issue),class 4 (lubricants/fuels) is a goods class
08/2023,2023-09-25,1699,2023-06-14,2023-09-25,12,vehicles,Pirelli Tyre S.p.A.,"Viale Piero e Alberto Pirelli 25, Milan, Italy.",IT,,2023-09-25,2023-11-10,goods: distribution via importers,class 12 (vehicles) is a goods class
08/2023,2023-09-25,1706,2023-06-22,2023-09-25,9,electronics/software,"Discovery Communications, LLC","230 Park Avenue South, New York, NY 10003",,USA.,2023-09-25,2023-11-10,goods: distribution via importers; broad entry (3 classes this issue),class 9 (electronics/software) is a goods class
08/2023,2023-09-25,1707,2023-06-22,2023-09-25,38,telecom services,"Discovery Communications, LLC","230 Park Avenue South, New York, NY 10003",,USA.,2023-09-25,2023-11-10,services: local operations implied; broad entry (3 classes this issue),class 38 (telecom services) covers services performed in-country
08/2023,2023-09-25,1705,2023-06-22,2023-09-25,41,education/entertainment,"Discovery Communications, LLC","230 Park Avenue South, New York, NY 10003",,USA.,2023-09-25,2023-11-10,services: local operations implied; broad entry (3 classes this issue),class 41 (education/entertainment) covers services performed in-country
08/2023,2023-09-25,1722,2023-07-05,2023-09-25,7,machinery,Robert Bosch GmbH,"Robert- Bosch-Platz 1, 70839 Gerlingen, Germany.",DE,,2023-09-25,2023-11-10,goods: distribution via importers; broad entry (8 classes this issue),class 7 (machinery) is a goods class
08/2023,2023-09-25,1723,2023-07-05,2023-09-25,9,electronics/software,Robert Bosch GmbH,"Robert- Bosch-Platz 1, 70839 Gerlingen, Germany.",DE,,2023-09-25,2023-11-10,goods: distribution via importers; broad entry (8 classes this issue),class 9 (electronics/software) is a goods class
08/2023,2023-09-25,1724,2023-07-05,2023-09-25,10,class 10,Robert Bosch GmbH,"Robert- Bosch-Platz 1, 70839 Gerlingen, Germany. (23) SO - Industrial Property Journal - No. 08/2023 25 st September, 2023",DE,,2023-09-25,2023-11-10,goods: distribution via importers; broad entry (8 classes this issue),class 10 (class 10) is a goods class
08/2023,2023-09-25,1726,2023-07-05,2023-09-25,11,appliances,Robert Bosch GmbH,"Robert- Bosch-Platz 1, 70839 Gerlingen, Germany.",DE,,2023-09-25,2023-11-10,goods: distribution via importers; broad entry (8 classes this issue),class 11 (appliances) is a goods class
08/2023,2023-09-25,1725,2023-07-05,2023-09-25,12,vehicles,Robert Bosch GmbH,"Robert- Bosch-Platz 1, 70839 Gerlingen, Germany.",DE,,2023-09-25,2023-11-10,goods: distribution via importers; broad entry (8 classes this issue),class 12 (vehicles) is a goods class
08/2023,2023-09-25,1727,2023-07-05,2023-09-25,37,construction/repair services,Robert Bosch GmbH,"Robert- Bosch-Platz 1, 70839 Gerlingen, Germany.",DE,,2023-09-25,2023-11-10,services: local operations implied; broad entry (8 classes this issue),class 37 (construction/repair services) covers services performed in-country
08/2023,2023-09-25,1728,2023-07-05,2023-09-25,42,tech services,Robert Bosch GmbH,"Robert- Bosch-Platz 1, 70839 Gerlingen, Germany.",DE,,2023-09-25,2023-11-10,services: local operations implied; broad entry (8 classes this issue),class 42 (tech services) covers services performed in-country
08/2023,2023-09-25,1729,2023-07-05,2023-09-25,44,class 44,Robert Bosch GmbH,"Robert- Bosch-Platz 1, 70839 Gerlingen, Germany.",DE,,2023-09-25,2023-11-10,services: local operations implied; broad entry (8 classes this issue),class 44 (class 44) covers services performed in-country
08/2023,2023-09-25,1721,2023-07-05,2023-09-25,7,machinery,BOSCH (731): Robert Bosch GmbH,"Robert- Bosch-Platz 1, 70839 Gerlingen, aGermany.",DE,,2023-09-25,2023-11-10,goods: distribution via importers; broad entry (7 classes this issue),class 7 (machinery) is a goods class
08/2023,2023-09-25,1720,2023-07-05,2023-09-25,9,electronics/software,BOSCH (731): Robert Bosch GmbH,"Robert- Bosch-Platz 1, 70839 Gerlingen, Germany.",DE,,2023-09-25,2023-11-10,goods: distribution via importers; broad entry (7 classes this issue),class 9 (electronics/software) is a goods class
08/2023,2023-09-25,1719,2023-07-05,2023-09-25,10,class 10,BOSCH (731): Robert Bosch GmbH,"Robert- Bosch-Platz 1, 70839 Gerlingen, Germany.",DE,,2023-09-25,2023-11-10,goods: distribution via importers; broad entry (7 classes this issue),class 10 (class 10) is a goods class
08/2023,2023-09-25,1718,2023-07-05,2023-09-25,11,appliances,BOSCH (731): Robert Bosch GmbH,"Robert- Bosch-Platz 1, 70839 Gerlingen, Germany.",DE,,2023-09-25,2023-11-10,goods: distribution via importers; broad entry (7 classes this issue),class 11 (appliances) is a goods class
08/2023,2023-09-25,1717,2023-07-05,2023-09-25,12,vehicles,BOSCH (731): Robert Bosch GmbH,"Robert- Bosch-Platz 1, 70839 Gerlingen, Germany.",DE,,2023-09-25,2023-11-10,goods: distribution via importers; broad entry (7 classes this issue),class 12 (vehicles) is a goods class
08/2023,2023-09-25,1715,2023-07-05,2023-09-25,37,construction/repair services,BOSCH (23) SO - Industrial Property Journal - No. 08/2023 25 st September,"2023 (731): Robert Bosch GmbH of Robert- Bosch-Platz 1, 70839 Gerlingen, Germany.",DE,,2023-09-25,2023-11-10,services: local operations implied,class 37 (construction/repair services) covers services performed in-country
08/2023,2023-09-25,1714,2023-07-05,2023-09-25,42,tech services,BOSCH (731): Robert Bosch GmbH,"Robert- Bosch-Platz 1, 70839 Gerlingen, Germany.",DE,,2023-09-25,2023-11-10,services: local operations implied; broad entry (7 classes this issue),class 42 (tech services) covers services performed in-country
08/2023,2023-09-25,1716,2023-07-05,2023-09-25,44,class 44,BOSCH (731): Robert Bosch GmbH,"Robert- Bosch-Platz 1, 70839 Gerlingen, Germany.",DE,,2023-09-25,2023-11-10,services: local operations implied; broad entry (7 classes this issue),class 44 (class 44) covers services performed in-country
08/2023,2023-09-25,1731,2023-07-05,2023-09-25,5,pharma,SANOFI,"46 avenue de la Grande Armée, 75017 Paris, France.",FR,,2023-09-25,2023-11-10,goods: distribution via importers; broad entry (4 classes this issue),class 5 (pharma) is a goods class
08/2023,2023-09-25,1732,2023-07-05,2023-09-25,10,class 10,SANOFI,"46 avenue de la Grande Armée, 75017 Paris, France.",FR,,2023-09-25,2023-11-10,goods: distribution via importers; broad entry (4 classes this issue),class 10 (class 10) is a goods class
08/2023,2023-09-25,1730,2023-07-05,2023-09-25,5,pharma,SANOFI,"46 avenue de la Grande Armée, 75017 Paris, France.",FR,,2023-09-25,2023-11-10,goods: distribution via importers; broad entry (4 classes this issue),class 5 (pharma) is a goods class
08/2023,2023-09-25,1735,2023-07-05,2023-09-25,10,class 10,SANOFI,"46 avenue de la Grande Armée, 75017 Paris, France.",FR,,2023-09-25,2023-11-10,goods: distribution via importers; broad entry (4 classes this issue),class 10 (class 10) is a goods class
08/2023,2023-09-25,1733,2023-07-08,2023-09-25,9,electronics/software,"Unilumin Group Co., Ltd.","BUILDING A, 112 YONGFU ROAD, QIAOTOU COMMUNITY, FUYONG TOWN, BAOAN DISTRICT, SHENZHEN, CHINA.",CN,,2023-09-25,2023-11-10,goods: distribution via importers,class 9 (electronics/software) is a goods class
08/2023,2023-09-25,1734,2023-07-08,2023-09-25,11,appliances,"Unilumin Group Co., Ltd.","BUILDING A, 112 YONGFU ROAD, QIAOTOU COMMUNITY, FUYONG TOWN, BAOAN DISTRICT, SHENZHEN, CHINA.",CN,,2023-09-25,2023-11-10,goods: distribution via importers,class 11 (appliances) is a goods class
08/2023,2023-09-25,1736,2023-07-11,2023-09-25,3,cosmetics/cleaning,Glysolid (731): IsarCare Holding GmbH,"Augustenstrasse 68 a, 80333 München, Germany (23) SO - Industrial Property Journal - No. 08/2023 25 st September, 2023",DE,,2023-09-25,2023-11-10,goods: distribution via importers,class 3 (cosmetics/cleaning) is a goods class
08/2023,2023-09-25,1738,2023-07-15,2023-09-25,38,telecom services,The News Hub Limited,"10th Floor Building 7, Chiswick Park, 566 Chiswick High Road, London, W4 5YG, England",GB,,2023-09-25,2023-11-10,services: local operations implied; broad entry (3 classes this issue),class 38 (telecom services) covers services performed in-country
08/2023,2023-09-25,1739,2023-07-15,2023-09-25,41,education/entertainment,The News Hub Limited,"10th Floor Building 7, Chiswick Park, 566 Chiswick High Road, London, W4 5YG, England",GB,,2023-09-25,2023-11-10,services: local operations implied; broad entry (3 classes this issue),class 41 (education/entertainment) covers services performed in-country
08/2023,2023-09-25,1740,2023-07-15,2023-09-25,1,chemicals,VGP IPCO LLC,"100 Valvoline Way, Suite 200, Lexington, Kentucky 40509, United States of America",US,,2023-09-25,2023-11-10,goods: distribution via importers; broad entry (3 classes this issue),class 1 (chemicals) is a goods class
08/2023,2023-09-25,1737,2023-07-15,2023-09-25,4,lubricants/fuels,The News Hub Limited,"10th Floor Building 7, Chiswick Park, 566 Chiswick High Road, London, W4 5YG, England",GB,,2023-09-25,2023-11-10,goods: distribution via importers; broad entry (3 classes this issue),class 4 (lubricants/fuels) is a goods class
08/2023,2023-09-25,1751,2023-07-25,2023-09-25,9,electronics/software,"Samsung Electronics Co., Ltd.","129, Samsung-ro, Yeongtong-gu, Suwon-si, Gyeonggi-do, Republic of Korea. KNOX",KR,SAMSUNG,2023-09-25,2023-11-10,goods: distribution via importers,class 9 (electronics/software) is a goods class
08/2023,2023-09-25,1748,2023-07-25,2023-09-25,42,tech services,"Samsung Electronics Co., Ltd.","129, Samsung-ro, Yeongtong-gu, Suwon-si, Gyeonggi-do, Republic of KNOX Korea.",KR,SAMSUNG,2023-09-25,2023-11-10,services: local operations implied,class 42 (tech services) covers services performed in-country
08/2023,2023-09-25,1750,2023-07-25,2023-09-25,9,electronics/software,"Samsung Electronics Co., Ltd. Knox","129, Samsung-ro, Yeongtong-gu, Suwon-si, Gyeonggi-do, Republic of Korea.",KR,,2023-09-25,2023-11-10,goods: distribution via importers,class 9 (electronics/software) is a goods class
08/2023,2023-09-25,1749,2023-07-25,2023-09-25,42,tech services,"Samsung Electronics Co., Ltd. Knox","129, Samsung-ro, Yeongtong-gu, Suwon-si, Gyeonggi-do, Republic of Korea.",KR,,2023-09-25,2023-11-10,services: local operations implied,class 42 (tech services) covers services performed in-country
08/2023,2023-09-25,1745,2023-07-25,2023-09-25,34,tobacco/nicotine,ELEGANCE (731): AL FURAT FZE,"Jafza One Jebel Ali Free Zone, P O Box 449804, Dubai, United Arab Emirates.",AE,,2023-09-25,2023-11-10,goods: distribution via importers,class 34 (tobacco/nicotine) is a goods class
08/2023,2023-09-25,1746,2023-07-25,2023-09-25,34,tobacco/nicotine,ESCAPE (731): AL FURAT FZE,"Jafza One (23) SO - Industrial Property Journal - No. 08/2023 25 st September, 2023 Jebel Ali Free Zone, P O Box 449804, Dubai, United Arab Emirates.",AE,,2023-09-25,2023-11-10,goods: distribution via importers,class 34 (tobacco/nicotine) is a goods class
08/2023,2023-09-25,1750,2023-07-26,2023-09-25,29,food (processed),SEARA ALIMENTOS LTDA.,"Avenida Marginal Direita do Tietê, 500 - São Paulo - São Paulo – Brazil.",,,2023-09-25,2023-11-10,goods: distribution via importers,class 29 (food (processed)) is a goods class
08/2023,2023-09-25,1755,2023-08-05,2023-09-25,34,tobacco/nicotine,MASTERMIND TOBACCO (K) LIMITED,"P.O. BOX 68144 – 00200 NAIROBI, KENYA",KE,,2023-09-25,2023-11-10,goods: distribution via importers,class 34 (tobacco/nicotine) is a goods class
08/2023,2023-09-25,1756,2023-08-05,2023-09-25,34,tobacco/nicotine,MASTERMIND TOBACCO (K) LIMITED,"P.O. BOX 68144 – 00200 NAIROBI, KENYA",KE,,2023-09-25,2023-11-10,goods: distribution via importers,class 34 (tobacco/nicotine) is a goods class
08/2023,2023-09-25,1773,2023-08-16,2023-09-25,30,food (staples/confectionery),Farm Fresh L.L.C,"P.O. Box 7011, GMG Building, Umm Hurair Rd, Oud Metha, Bur Dubai Dubai, United Arab Emirates.",AE,,2023-09-25,2023-11-10,goods: distribution via importers,class 30 (food (staples/confectionery)) is a goods class
08/2023,2023-09-25,1772,2023-08-16,2023-09-25,35,retail/advertising services,Farm Fresh L.L.C,"P.O. Box 7011, GMG Building, Umm Hurair Rd, Oud Metha, Bur Dubai Dubai, United Arab Emirates.",AE,,2023-09-25,2023-11-10,services: local operations implied,class 35 (retail/advertising services) covers services performed in-country
08/2023,2023-09-25,1770,2023-08-12,2023-09-25,32,beverages,Monster Energy Company,"1 Monster Way, Corona, California 92879 (23) SO - Industrial Property Journal - No. 08/2023 25 st September, 2023",,USA.,2023-09-25,2023-11-10,goods: distribution via importers; broad entry (6 classes this issue),class 32 (beverages) is a goods class
08/2023,2023-09-25,1769,"12 August, 2023           UNLEASH THE BEAST!",2023-09-25,32,beverages,Monster Energy Company,"1 Monster Way, Corona, California 92879",,USA.,2023-09-25,2023-11-10,goods: distribution via importers; broad entry (6 classes this issue),class 32 (beverages) is a goods class
08/2023,2023-09-25,1771,2023-08-13,2023-09-25,32,beverages,Monster Energy Company,"1 Monster Way, Corona, California 92879",,USA.,2023-09-25,2023-11-10,goods: distribution via importers; broad entry (6 classes this issue),class 32 (beverages) is a goods class
08/2023,2023-09-25,1765,"12 August, 2023             PREDATOR",2023-09-25,32,beverages,Monster Energy Company,"1 Monster Way, Corona, California 92879",,USA.,2023-09-25,2023-11-10,goods: distribution via importers; broad entry (6 classes this issue),class 32 (beverages) is a goods class
08/2023,2023-09-25,1766,"12 August, 2023         RULE YOUR KINGDOM!",2023-09-25,32,beverages,Monster Energy Company,"1 Monster Way, Corona, California 92879",,USA.,2023-09-25,2023-11-10,goods: distribution via importers; broad entry (6 classes this issue),class 32 (beverages) is a goods class
08/2023,2023-09-25,1767,"12 August, 2023            GOLD STRIKE",2023-09-25,32,beverages,Monster Energy Company,"1 Monster Way, Corona, California 92879",,USA.,2023-09-25,2023-11-10,goods: distribution via importers; broad entry (6 classes this issue),class 32 (beverages) is a goods class
08/2023,2023-09-25,1775,"23 August, 2023            PEDIA-START",2023-09-25,5,pharma,Liptis Nutrition Sàrl,"Rue François-Bellot 6, c/o Kellerhals Carrard, Genève SNC, 1206 Genève, Switzerland.",CH,,2023-09-25,2023-11-10,goods: distribution via importers,class 5 (pharma) is a goods class
08/2023,2023-09-25,1777,"23 August, 2023             LIPTOGROW",2023-09-25,5,pharma,Liptis Nutrition Sàrl,"Rue François-Bellot 6, c/o Kellerhals Carrard, Genève SNC, 1206 Genève, Switzerland.",CH,,2023-09-25,2023-11-10,goods: distribution via importers,class 5 (pharma) is a goods class
08/2023,2023-09-25,1781,2023-08-26,2023-09-25,9,electronics/software,Panasonic Holdings Corporation,"1006, Oaza Kadoma, Kadoma-shi, Osaka 571-8501, Japan.",JP,,2023-09-25,2023-11-10,goods: distribution via importers,class 9 (electronics/software) is a goods class
08/2023,2023-09-25,1788,2023-08-26,2023-09-25,11,appliances,Panasonic Holdings (23) SO - Industrial Property Journal - No. 08/2023 25 st September,"2023 Corporation of 1006, Oaza Kadoma, Kadoma-shi, Osaka 571-8501, Japan.",JP,,2023-09-25,2023-11-10,goods: distribution via importers,class 11 (appliances) is a goods class
08/2023,2023-09-25,1783,"26 August, 2023          Kaeser",2023-09-25,7,machinery,KAESER KOMPRESSOREN SE,"KAESER KOMPRESSOREN SE, Carl-Kaeser- Str. 26, 96450 Coburg, GERMANY.",DE,,2023-09-25,2023-11-10,goods: distribution via importers,class 7 (machinery) is a goods class
08/2023,2023-09-25,1790,2023-09-02,2023-09-25,5,pharma,"Interchemie Werken ""De Adelaar"" B.V.","Metaalweg 8, 5804 CG Venray, The Netherlands.",NL,,2023-09-25,2023-11-10,goods: distribution via importers,class 5 (pharma) is a goods class
08/2023,2023-09-25,1797,2023-09-11,2023-09-25,12,vehicles,Pirelli Tyre S.p.A.,"Viale Piero e Alberto Pirelli, 25, Milan, Italy",IT,,2023-09-25,2023-11-10,goods: distribution via importers,class 12 (vehicles) is a goods class
08/2023,2023-09-25,1378,2023-01-07,2023-09-25,9,electronics/software,FUJITSU LIMITED,"1-1, Kamikodanaka 4-chome, Nakahara-ku, Kawasaki-shi, Kanagawa 211-8588, Japan.",JP,,2023-09-25,2023-11-10,goods: distribution via importers; broad entry (4 classes this issue),class 9 (electronics/software) is a goods class
08/2023,2023-09-25,1377,2023-01-07,2023-09-25,35,retail/advertising services,FUJITSU LIMITED,"1-1, Kamikodanaka 4-chome, Nakahara-ku, Kawasaki-shi, Kanagawa 211-8588, Japan.",JP,,2023-09-25,2023-11-10,services: local operations implied; broad entry (4 classes this issue),class 35 (retail/advertising services) covers services performed in-country
08/2023,2023-09-25,1376,2023-01-07,2023-09-25,38,telecom services,FUJITSU LIMITED,"1-1, Kamikodanaka 4-chome, Nakahara-ku, Kawasaki-shi, Kanagawa 211-8588, Japan. (23) SO - Industrial Property Journal - No. 08/2023 25 st September, 2023",JP,,2023-09-25,2023-11-10,services: local operations implied; broad entry (4 classes this issue),class 38 (telecom services) covers services performed in-country
08/2023,2023-09-25,1380,2023-01-07,2023-09-25,42,tech services,FUJITSU LIMITED,"1-1, Kamikodanaka 4-chome, Nakahara-ku, Kawasaki-shi, Kanagawa 211-8588, Japan.",JP,,2023-09-25,2023-11-10,services: local operations implied; broad entry (4 classes this issue),class 42 (tech services) covers services performed in-country
08/2023,2023-09-25,1783,2023-09-19,2023-09-25,29,food (processed),Continental Resources Sdn Bhd,"Lot 2239, Jalan Rajawali, Batu 9, Kampung Kebun SHASA Baru, 42500 Telok Panglima Garang, Kuala Langat, Selangor, Malaysia",MY,,2023-09-25,2023-11-10,goods: distribution via importers,class 29 (food (processed)) is a goods class
08/2023,2023-09-25,1759,2023-08-10,2023-09-25,12,vehicles,CHINA NATIONAL DUTY TRUCK GROUP CO.,"LTD., SINOTRUK TOWER, NO. 777 HUA'AO ROAD, INNOVATION ZONE, JINAN, SHANDONG, CHINA",CN,HEAVY,2023-09-25,2023-11-10,goods: distribution via importers; broad entry (5 classes this issue),class 12 (vehicles) is a goods class
08/2023,2023-09-25,1758,2023-08-10,2023-09-25,12,vehicles,CHINA NATIONAL DUTY TRUCK GROUP CO.,"LTD., SINOTRUK TOWER, NO. 777 HUA'AO ROAD, INNOVATION ZONE, JINAN, SHANDONG, CHINA (23) SO - Industrial Property Journal - No. 08/2023 25 st September, 2023",CN,HEAVY,2023-09-25,2023-11-10,goods: distribution via importers; broad entry (5 classes this issue),class 12 (vehicles) is a goods class
08/2023,2023-09-25,1761,2023-08-10,2023-09-25,12,vehicles,CHINA NATIONAL DUTY TRUCK GROUP CO.,"LTD., SINOTRUK TOWER, NO. 777 HUA'AO ROAD, INNOVATION ZONE, JINAN, SHANDONG, CHINA",CN,HEAVY,2023-09-25,2023-11-10,goods: distribution via importers; broad entry (5 classes this issue),class 12 (vehicles) is a goods class
08/2023,2023-09-25,1762,2023-08-10,2023-09-25,12,vehicles,CHINA NATIONAL DUTY TRUCK GROUP CO.,"LTD., SINOTRUK TOWER, NO. 777 HUA'AO ROAD, INNOVATION ZONE, JINAN, SHANDONG, CHINA",CN,HEAVY,2023-09-25,2023-11-10,goods: distribution via importers; broad entry (5 classes this issue),class 12 (vehicles) is a goods class
08/2023,2023-09-25,1757,2023-08-10,2023-09-25,12,vehicles,CHINA NATIONAL DUTY TRUCK GROUP CO.,"LTD., SINOTRUK TOWER, NO. 777 HUA'AO ROAD, INNOVATION ZONE, JINAN, SHANDONG, CHINA",CN,HEAVY,2023-09-25,2023-11-10,goods: distribution via importers; broad entry (5 classes this issue),class 12 (vehicles) is a goods class
08/2023,2023-09-25,1774,2023-08-23,2023-09-25,7,machinery,XCMG Construction Machinery Co.,"Ltd., No. 26 Tuolanshan Road, Xuzhou Economic and Technological Development Zone, Jiangsu Province, China",CN,,2023-09-25,2023-11-10,goods: distribution via importers; broad entry (4 classes this issue),class 7 (machinery) is a goods class
08/2023,2023-09-25,1776,2023-08-23,2023-09-25,37,construction/repair services,XCMG Construction Machinery Co.,"Ltd., No. 26 Tuolanshan Road, Xuzhou Economic and Technological Development Zone, Jiangsu Province, China",CN,,2023-09-25,2023-11-10,services: local operations implied; broad entry (4 classes this issue),class 37 (construction/repair services) covers services performed in-country
08/2023,2023-09-25,1779,2023-08-23,2023-09-25,35,retail/advertising services,XCMG Construction Machinery Co.,"Ltd., No. 26 Tuolanshan Road, Xuzhou Economic and Technological Development Zone, Jiangsu Province, China",CN,,2023-09-25,2023-11-10,services: local operations implied; broad entry (4 classes this issue),class 35 (retail/advertising services) covers services performed in-country
08/2023,2023-09-25,1778,2023-08-23,2023-09-25,12,vehicles,XCMG Construction Machinery Co.,"Ltd., No. 26 Tuolanshan Road, Xuzhou (23) SO - Industrial Property Journal - No. 08/2023 25 st September, 2023 Economic and Technological Development Zone, Jiangsu Province, China",CN,,2023-09-25,2023-11-10,goods: distribution via importers; broad entry (4 classes this issue),class 12 (vehicles) is a goods class
08/2023,2023-09-25,1796,2023-09-07,2023-09-25,29,food (processed),Faraya International Limited.,"Free Trade Zone, Ras Al Khaimah United Arab Emirates",AE,,2023-09-25,2023-11-10,goods: distribution via importers,class 29 (food (processed)) is a goods class
08/2023,2023-09-25,1785,2023-08-26,2023-09-25,29,food (processed),The National Agricultural Development Company (NADEC).,"P.O. Box 2557, Riyadh 11461, Saudi Arabia",SA,,2023-09-25,2023-11-10,goods: distribution via importers,class 29 (food (processed)) is a goods class
08/2023,2023-09-25,1784,2023-08-26,2023-09-25,32,beverages,The National Agricultural Development Company (NADEC).,"P.O. Box 2557, Riyadh 11461, Saudi Arabia",SA,,2023-09-25,2023-11-10,goods: distribution via importers,class 32 (beverages) is a goods class
08/2023,2023-09-25,1786,2023-08-28,2023-09-25,30,food (staples/confectionery),Moumin Group,"Companies,. Howlwadaag road, Bakara Market, Mogdishu Somalia",SO,,2023-09-25,2023-11-10,goods: distribution via importers,class 30 (food (staples/confectionery)) is a goods class
08/2023,2023-09-25,1805,"Sep. 24, 2023",2023-09-25,5,pharma,Mudaawaad Saliida Mucjisada,". Howlwadaag Waabari, Mogdishu Somalia",SO,,2023-09-25,2023-11-10,goods: distribution via importers,class 5 (pharma) is a goods class
08/2023,2023-09-25,875,"Mar. 12, 2022",2023-09-25,39,transport/logistics services,Winner Star Holdings Limited,".Room 306, Yip Fung Building, 2-12 D'aguilar Street Central, Hong Kong",,,2023-09-25,2023-11-10,services: local operations implied,class 39 (transport/logistics services) covers services performed in-country
08/2023,2023-09-25,1754,"August. 05, 2023",2023-09-25,3,cosmetics/cleaning,BETTER WAY BEAUTY (SINGAPORE) PTE. LTD,. 987 SERANGOON ROAD SINGAPORE 328147 SINGAPORE,SG,,2023-09-25,2023-11-10,goods: distribution via importers,class 3 (cosmetics/cleaning) is a goods class
08/2023,2023-09-25,1741,"July. 24, 2023",2023-09-25,25,apparel,Banana Republic (ITM) Inc.,"2 Folsom Street, San Francisco, California 94105, United States (23) SO - Industrial Property Journal - No. 08/2023 25 st September, 2023",US,BANANA REPUBLIC,2023-09-25,2023-11-10,goods: distribution via importers,class 25 (apparel) is a goods class
08/2023,2023-09-25,1744,"July. 25, 2023",2023-09-25,34,tobacco/nicotine,J.S.S. TOBACCO LTD.,"Suite 404, Albany House, 324/326 Regent Street, London, United Kingdom, W1B 3HH",GB,,2023-09-25,2023-11-10,goods: distribution via importers,class 34 (tobacco/nicotine) is a goods class
08/2023,2023-09-25,1711,"June. 24, 2023",2023-09-25,34,tobacco/nicotine,Wael Khallouf.,"PO Box 554818, Dubai, United Arab Emirates",AE,,2023-09-25,2023-11-10,goods: distribution via importers,class 34 (tobacco/nicotine) is a goods class
08/2023,2023-09-25,1742,"July. 24, 2023",2023-09-25,25,apparel,Gap (ITM) Inc.,"2 Folsom Street, San Francisco, California 94105, United States GAP",US,,2023-09-25,2023-11-10,goods: distribution via importers,class 25 (apparel) is a goods class
08/2023,2023-09-25,1747,"July. 25, 2023",2023-09-25,25,apparel,Athleta (ITM) Inc.,"2 Folsom Street, San Francisco, California 94105, United States ATHLETA ---------------------------------------------------------------",US,,2023-09-25,2023-11-10,goods: distribution via importers,class 25 (apparel) is a goods class
09/2023,2023-11-25,1737,2023-07-15,2023-11-25,4,lubricants/fuels,VGP IPCO LLC,"100 Valvoline Way, Suite 200, Lexington, Kentucky 40509, United States of America.",US,,2023-11-25,2023-12-30,goods: distribution via importers,class 4 (lubricants/fuels) is a goods class
09/2023,2023-11-25,1797,2023-09-11,2023-11-25,12,vehicles,PIRELLI & C. S.P.A.,"Viale Piero e Alberto Pirelli, 25 20126 Milano Mi, Italy.",IT,,2023-11-25,2023-12-30,goods: distribution via importers,class 12 (vehicles) is a goods class
09/2023,2023-11-25,1802,"19 September,                PARTYBALLZ
              2023",2023-11-25,32,beverages,"BuzzBallz, LLC (DBA, Southern Champion)","2114 McDaniel Drive, Carrollton, Texas 75006 USA",US,,2023-11-25,2023-12-30,goods: distribution via importers,class 32 (beverages) is a goods class
09/2023,2023-11-25,1801,2023-09-19,2023-11-25,12,vehicles,Pirelli Tyre S.p.A.,"Viale Piero e Alberto Pirelli, 25, Milan, Italy.",IT,,2023-11-25,2023-12-30,goods: distribution via importers,class 12 (vehicles) is a goods class
09/2023,2023-11-25,1804,2023-09-24,2023-11-25,3,cosmetics/cleaning,Sime Darby Oils Professional Sdn Bhd,"Level 10, Main Block, Plantation Tower, No. 2, Jalan PJU 1A/7, Ara Damansara, 47301 Petaling Jaya, Selangor, Malaysia",MY,,2023-11-25,2023-12-30,goods: distribution via importers,class 3 (cosmetics/cleaning) is a goods class
09/2023,2023-11-25,1809,"05 October, 2023              NIDO",2023-11-25,5,pharma,Société des Produits Nestlé S.A,1800 Vevey Switzerland,CH,,2023-11-25,2023-12-30,goods: distribution via importers; broad entry (4 classes this issue),class 5 (pharma) is a goods class
09/2023,2023-11-25,1810,"05 October, 2023              NIDO",2023-11-25,29,food (processed),Société des Produits Nestlé S.A,1800 Vevey Switzerland,CH,,2023-11-25,2023-12-30,goods: distribution via importers; broad entry (4 classes this issue),class 29 (food (processed)) is a goods class
09/2023,2023-11-25,1819,"07 October, 2023         CERELAC",2023-11-25,5,pharma,Société des Produits Nestlé S.A,1800 Vevey Switzerland,CH,,2023-11-25,2023-12-30,goods: distribution via importers; broad entry (4 classes this issue),class 5 (pharma) is a goods class
09/2023,2023-11-25,1815,"07 October, 2023         CERELAC",2023-11-25,30,food (staples/confectionery),Société des Produits Nestlé S.A,1800 Vevey Switzerland,CH,,2023-11-25,2023-12-30,goods: distribution via importers; broad entry (4 classes this issue),class 30 (food (staples/confectionery)) is a goods class
09/2023,2023-11-25,1817,2023-10-07,2023-11-25,30,food (staples/confectionery),"Luckin Coffee Group Co., Ltd.","28th Floor, Building T3, Haixi Jingu Plaza, 1-3 Taibei Road, Siming District, Xiamen City, Fujian Province, China",CN,,2023-11-25,2023-12-30,goods: distribution via importers,class 30 (food (staples/confectionery)) is a goods class
09/2023,2023-11-25,1816,2023-10-07,2023-11-25,43,food & lodging services,"Luckin Coffee Group Co., Ltd.","28th Floor, Building T3, Haixi Jingu Plaza, 1-3 Taibei Road, Siming District, Xiamen City, Fujian Province, China",CN,,2023-11-25,2023-12-30,services: local operations implied,class 43 (food & lodging services) covers services performed in-country
09/2023,2023-11-25,1825,2023-10-11,2023-11-25,3,cosmetics/cleaning,"NICE GROUP CO., LTD.","3 SHANGSHUINAN, LISHUI CITY, ZHEJIANG PROVINCE, P.R. CHINA",CN,,2023-11-25,2023-12-30,goods: distribution via importers,class 3 (cosmetics/cleaning) is a goods class
09/2023,2023-11-25,1835,2023-10-24,2023-11-25,12,vehicles,"HANKOOK & COMPANY CO., LTD.","286, Pangyo-ro, Bundang-gu, Seongnam-si, Gyeonggi-do, Republic of Korea",KR,,2023-11-25,2023-12-30,goods: distribution via importers,class 12 (vehicles) is a goods class
09/2023,2023-11-25,1834,2023-10-24,2023-11-25,32,beverages,"Cervezas Cuauhtémoc Moctezuma, S.A. de C.V.","Ave. Alfonso Reyes Nte 2202 Bellavista, Monterrey 64410 NUEVO LEÓN Mexico (22) SO - Industrial Property Journal - No. 09/2023 25 November, 2023",MX,,2023-11-25,2023-12-30,goods: distribution via importers,class 32 (beverages) is a goods class
09/2023,2023-11-25,1841,"01 November, 2023                 NOKIA",2023-11-25,9,electronics/software,Nokia Corporation,"Karakaari 7, 02610 Espoo, Finland",FI,,2023-11-25,2023-12-30,goods: distribution via importers; broad entry (6 classes this issue),class 9 (electronics/software) is a goods class
09/2023,2023-11-25,1842,"01 November, 2023                 NOKIA",2023-11-25,12,vehicles,Nokia Corporation,"Karakaari 7, 02610 Espoo, Finland",FI,,2023-11-25,2023-12-30,goods: distribution via importers; broad entry (6 classes this issue),class 12 (vehicles) is a goods class
09/2023,2023-11-25,1840,"01 November, 2023                NOKIA",2023-11-25,35,retail/advertising services,Nokia Corporation,"Karakaari 7, 02610 Espoo, Finland",FI,,2023-11-25,2023-12-30,services: local operations implied; broad entry (6 classes this issue),class 35 (retail/advertising services) covers services performed in-country
09/2023,2023-11-25,1838,"01 November, 2023                NOKIA",2023-11-25,38,telecom services,Nokia Corporation,"Karakaari 7, 02610 Espoo, Finland",FI,,2023-11-25,2023-12-30,services: local operations implied; broad entry (6 classes this issue),class 38 (telecom services) covers services performed in-country
09/2023,2023-11-25,1837,"01 November, 2023                NOKIA",2023-11-25,41,education/entertainment,Nokia Corporation,"Karakaari 7, 02610 Espoo, Finland",FI,,2023-11-25,2023-12-30,services: local operations implied; broad entry (6 classes this issue),class 41 (education/entertainment) covers services performed in-country
09/2023,2023-11-25,1836,"01 November, 2023                  NOKIA",2023-11-25,42,tech services,Nokia Corporation,"Karakaari 7, 02610 Espoo, Finland",FI,,2023-11-25,2023-12-30,services: local operations implied; broad entry (6 classes this issue),class 42 (tech services) covers services performed in-country
09/2023,2023-11-25,1843,"01 November, 2023          PARKER & SIMPSON",2023-11-25,34,tobacco/nicotine,Imperial Tobacco Intellectual Property Limited,"21 Beckett Way, Park West, Nangor Road, Dublin 12, Ireland",IE,,2023-11-25,2023-12-30,goods: distribution via importers,class 34 (tobacco/nicotine) is a goods class
09/2023,2023-11-25,1860,2023-11-09,2023-11-25,34,tobacco/nicotine,Imperial Tobacco Intellectual Property Limited,"121 Winterstoke Road, Bristol, BS3 2LL, England",GB,,2023-11-25,2023-12-30,goods: distribution via importers,class 34 (tobacco/nicotine) is a goods class
09/2023,2023-11-25,1854,2023-11-04,2023-11-25,1,chemicals,Filtex Marketing Sdn. Bhd.,"No. 2, Jalan IM 3/6, Kawas Perindustrian Indera Mahkota 3, Bandar Indera Mahkota, 2520 Kuantan, Pahang Darul Makmur",,,2023-11-25,2023-12-30,goods: distribution via importers; broad entry (6 classes this issue),class 1 (chemicals) is a goods class
09/2023,2023-11-25,1855,2023-11-04,2023-11-25,2,paints,Filtex Marketing Sdn. Bhd.,"No. 2, Jalan IM 3/6, Kawasa Perindustrian Indera Mahkota 3, Bandar Indera Mahkota, 25200 uantan, Pahang Darul Makmur",,,2023-11-25,2023-12-30,goods: distribution via importers; broad entry (6 classes this issue),class 2 (paints) is a goods class
09/2023,2023-11-25,1856,2023-11-04,2023-11-25,3,cosmetics/cleaning,Filtex Marketing Sdn. Bhd.,"No. 2, Jalan IM 3/6, Kawasan Perindustrian Indera Mahkota 3, Bandar Indera Mahkota, 25200 Kuantan, Pahang Darul Makmur (22) SO - Industrial Property Journal - No. 09/2023 25 November, 2023",,,2023-11-25,2023-12-30,goods: distribution via importers; broad entry (6 classes this issue),class 3 (cosmetics/cleaning) is a goods class
09/2023,2023-11-25,1857,2023-11-04,2023-11-25,4,lubricants/fuels,Filtex Marketing Sdn. Bhd.,"No. 2, Jalan IM 3/6, Kawasan Perindustrian Indera Mahkota 3, Bandar Indera Mahkota, 25200 Kuantan, Pahang Darul Makmur",,,2023-11-25,2023-12-30,goods: distribution via importers; broad entry (6 classes this issue),class 4 (lubricants/fuels) is a goods class
09/2023,2023-11-25,1859,2023-11-04,2023-11-25,16,paper/print,Filtex Marketing Sdn. Bhd.,"No. 2, Jalan IM 3/6, Kawasan Perindustrian Indera Mahkota 3, Bandar Indera Mahkota, 25200 Kuantan, Pahang Darul Makmur",,,2023-11-25,2023-12-30,goods: distribution via importers; broad entry (6 classes this issue),class 16 (paper/print) is a goods class
09/2023,2023-11-25,1858,2023-11-04,2023-11-25,17,class 17,Filtex Marketing Sdn. Bhd.,"No. 2, Jalan IM 3/6, Kawasan Perindustrian Indera Mahkota 3, Bandar Indera Mahkota, 25200 Kuantan, Pahang Darul Makmur",,,2023-11-25,2023-12-30,goods: distribution via importers; broad entry (6 classes this issue),class 17 (class 17) is a goods class
09/2023,2023-11-25,1866,2023-11-15,2023-11-25,5,pharma,"Eisai R&D Management Co., Ltd.","6-10, Koishikawa 4-chome, Bunkyo-ku, Tokyo, Japan",JP,,2023-11-25,2023-12-30,goods: distribution via importers,class 5 (pharma) is a goods class
09/2023,2023-11-25,1867,2023-11-15,2023-11-25,5,pharma,Tianjin Pharmaceutical Da Ren Tang Group Corporation Limited Lerentang Pharmaceutical Factory of No. 2,"DaMing Road XiQing District, Tianjin, China",CN,,2023-11-25,2023-12-30,goods: distribution via importers,class 5 (pharma) is a goods class
09/2023,2023-11-25,1863,2023-11-15,2023-11-25,1,chemicals,Exxon Mobil Corporation,"22777 Springwoods Village Parkwayy, Spring, Texas 77389, United States of America",US,,2023-11-25,2023-12-30,goods: distribution via importers; broad entry (3 classes this issue),class 1 (chemicals) is a goods class
09/2023,2023-11-25,1864,2023-11-15,2023-11-25,1,chemicals,Exxon Mobil Corporation,"MOBIL 22777 Springwoods Village Pkwy, Spring, Texas 77389, United States of America",US,,2023-11-25,2023-12-30,goods: distribution via importers; broad entry (3 classes this issue),class 1 (chemicals) is a goods class
09/2023,2023-11-25,1868,2023-11-15,2023-11-25,37,construction/repair services,Exxon Mobil Corporation,"22777 Springwoods Village Parkwayy, Spring, Texas 77389, United States of America",US,,2023-11-25,2023-12-30,services: local operations implied; broad entry (3 classes this issue),class 37 (construction/repair services) covers services performed in-country
09/2023,2023-11-25,1877,2023-11-16,2023-11-25,34,tobacco/nicotine,British American Tobacco (Brands) Limited,"Globe House, 4 Temple Place, London WC2R 2PG, (22) SO - Industrial Property Journal - No. 09/2023 25 November, 2023 United Kingdom",GB,,2023-11-25,2023-12-30,goods: distribution via importers,class 34 (tobacco/nicotine) is a goods class
09/2023,2023-11-25,1870,2023-11-16,2023-11-25,18,leather,"PepsiCo, Inc.","700 Anderson Hill Road, Purchase, New York 10577, United States of America",US,,2023-11-25,2023-12-30,goods: distribution via importers; broad entry (6 classes this issue),class 18 (leather) is a goods class
09/2023,2023-11-25,1872,2023-11-16,2023-11-25,25,apparel,"PepsiCo, Inc.","700 Anderson Hill Road, Purchase, New York 10577, United States of America",US,,2023-11-25,2023-12-30,goods: distribution via importers; broad entry (6 classes this issue),class 25 (apparel) is a goods class
09/2023,2023-11-25,1871,2023-11-16,2023-11-25,32,beverages,"PepsiCo, Inc.","700 Anderson Hill Road, Purchase, New York 10577, United States of America",US,,2023-11-25,2023-12-30,goods: distribution via importers; broad entry (6 classes this issue),class 32 (beverages) is a goods class
09/2023,2023-11-25,1873,2023-11-16,2023-11-25,18,leather,"PepsiCo, Inc.","700 Anderson Hill Road, Purchase, New York 10577, United States of America",US,,2023-11-25,2023-12-30,goods: distribution via importers; broad entry (6 classes this issue),class 18 (leather) is a goods class
09/2023,2023-11-25,1874,2023-11-16,2023-11-25,25,apparel,"PepsiCo, Inc.","700 Anderson Hill Road, Purchase, New York 10577, United States of America",US,,2023-11-25,2023-12-30,goods: distribution via importers; broad entry (6 classes this issue),class 25 (apparel) is a goods class
09/2023,2023-11-25,1869,2023-11-16,2023-11-25,32,beverages,"PepsiCo, Inc.","700 Anderson Hill Road, Purchase, New York 10577, United States of America",US,,2023-11-25,2023-12-30,goods: distribution via importers; broad entry (6 classes this issue),class 32 (beverages) is a goods class
09/2023,2023-11-25,1878,2023-11-16,2023-11-25,9,electronics/software,"NETFLIX, INC.","121 Albright Way, Los Gatos, California 95032, United States",US,,2023-11-25,2023-12-30,goods: distribution via importers; broad entry (3 classes this issue),class 9 (electronics/software) is a goods class
09/2023,2023-11-25,1876,2023-11-16,2023-11-25,38,telecom services,"NETFLIX, INC.","121 Albright Way, Los Gatos, California 95032, United States",US,,2023-11-25,2023-12-30,services: local operations implied; broad entry (3 classes this issue),class 38 (telecom services) covers services performed in-country
09/2023,2023-11-25,1875,2023-11-16,2023-11-25,41,education/entertainment,"NETFLIX, INC.","121 Albright Way, Los Gatos, California 95032, United States",US,,2023-11-25,2023-12-30,services: local operations implied; broad entry (3 classes this issue),class 41 (education/entertainment) covers services performed in-country
09/2023,2023-11-25,1879,2023-11-20,2023-11-25,9,electronics/software,SAFILO - Società Azionaria Fabbrica Italiana Lavorazione Occhiali S.p.A.,"VII Strada, 15, 35129 PADOVA, Italy",IT,,2023-11-25,2023-12-30,goods: distribution via importers,class 9 (electronics/software) is a goods class
09/2023,2023-11-25,1880,2023-11-20,2023-11-25,9,electronics/software,SAFILO - Società Azionaria Fabbrica Italiana Lavorazione Occhiali (22) SO - Industrial Property Journal - No. 09/2023 25 November,"2023 S.p.A. of VII Strada, 15, 35129 PADOVA, Italy",IT,,2023-11-25,2023-12-30,goods: distribution via importers,class 9 (electronics/software) is a goods class
09/2023,2023-11-25,1881,2023-11-21,2023-11-25,3,cosmetics/cleaning,COLE BAY S.A.,"49 rue Glesener, 1631 Luxembourg, Luxembourg",LU,,2023-11-25,2023-12-30,goods: distribution via importers,class 3 (cosmetics/cleaning) is a goods class
09/2023,2023-11-25,1883,2023-11-22,2023-11-25,34,tobacco/nicotine,POTOMAC TOBACCO COMPANY LIMITED,"C/o Conyers Trust MASTER Company (BVI) Limited, Commerce House, Wickhams Cay 1, P.O. Box 3140, Road Town, Tortola VG1110, British Virgin Islands",VG,,2023-11-25,2023-12-30,goods: distribution via importers,class 34 (tobacco/nicotine) is a goods class
09/2023,2023-11-25,1882,2023-11-22,2023-11-25,34,tobacco/nicotine,British American Tobacco (Brands) Limited,"Globe House, 4 Temple Place, London WC2R 2PG, United Kingdom",GB,,2023-11-25,2023-12-30,goods: distribution via importers,class 34 (tobacco/nicotine) is a goods class
09/2023,2023-11-25,1833,2023-10-24,2023-11-25,3,cosmetics/cleaning,"COSRX INC./, 5F, 231, Teheran-ro, Gangnam-gu Seoul, Republic",Korea,KR,,2023-11-25,2023-12-30,goods: distribution via importers,class 3 (cosmetics/cleaning) is a goods class
09/2023,2023-11-25,1832,2023-10-24,2023-11-25,5,pharma,"COSRX INC./, 5F, 231, Teheran-ro, Gangnam-gu Seoul, Republic",Korea,KR,,2023-11-25,2023-12-30,goods: distribution via importers,class 5 (pharma) is a goods class
09/2023,2023-11-25,1814,2023-10-05,2023-11-25,3,cosmetics/cleaning,RAWAIEH AL ZUHOR CLEANING & DETERGENT TR LLC SOLE PROPRIETORSHIP,"Office No.3005 – 3006, Al Majaz 2 - Business Tower, Sharjah, UAE",AE,,2023-11-25,2023-12-30,goods: distribution via importers,class 3 (cosmetics/cleaning) is a goods class
09/2023,2023-11-25,1813,2023-10-05,2023-11-25,11,appliances,RAWAIEH AL ZUHOR CLEANING & DETERGENT TR LLC SOLE PROPRIETORSHIP,"Office No.3005 – 3006, Al Majaz 2 - Business Tower, Sharjah, UAE",AE,,2023-11-25,2023-12-30,goods: distribution via importers,class 11 (appliances) is a goods class
09/2023,2023-11-25,1846,2023-11-01,2023-11-25,3,cosmetics/cleaning,CRIS GO (THAILAND) CO.,"LTD. , 85 MOO.13 PETCHKASEM ROAD, OMNOI, KRATHUMBAN, SAMUTSAKORN 74130, THAILAND",TH,,2023-11-25,2023-12-30,goods: distribution via importers,class 3 (cosmetics/cleaning) is a goods class
09/2023,2023-11-25,1808,2023-10-05,2023-11-25,1,chemicals,YIWU AOTIAN DIGITAL TECHNOLOGY CO.,"LTD., Office : ROOM 309, NO. 999, CHOUZHOU NORTH ROAD, FUTIAN STREET, YIWU CITY, ZHEJIANG PROVINCE, CHINA 322000",CN,,2023-11-25,2023-12-30,goods: distribution via importers,class 1 (chemicals) is a goods class
09/2023,2023-11-25,1831,2023-10-22,2023-11-25,21,kitchenware,Yiwu Yongfei Kitchenware Co.,"Ltd. , Office : 19828-19829 Shop, Area 2, International Trade City, Yiwu City, Zhejiang Province, China",CN,,2023-11-25,2023-12-30,goods: distribution via importers,class 21 (kitchenware) is a goods class
09/2023,2023-11-25,1829,2023-10-22,2023-11-25,12,vehicles,CHINA NATIONAL HEAVY DUTY TRUCK GROUP CO.,"LTD. Office : SINOTRUK TOWER, NO. 777 HUA'AO ROAD, INNOVATION ZONE, JINAN, SHANDONG, CHINA",CN,,2023-11-25,2023-12-30,goods: distribution via importers,class 12 (vehicles) is a goods class
09/2023,2023-11-25,1830,2023-10-22,2023-11-25,12,vehicles,CHINA NATIONAL HEAVY DUTY TRUCK GROUP CO.,"LTD. Office : SINOTRUK TOWER, NO. 777 HUA'AO ROAD, INNOVATION ZONE, JINAN, SHANDONG, CHINA",CN,,2023-11-25,2023-12-30,goods: distribution via importers,class 12 (vehicles) is a goods class
09/2023,2023-11-25,1844,2023-11-01,2023-11-25,34,tobacco/nicotine,Philip Morris Products S.A.,"Office : Quai Jeanrenaud 3, 2000 Neuchâtel, Switzerland",CH,BONDS,2023-11-25,2023-12-30,goods: distribution via importers; broad entry (9 classes this issue),class 34 (tobacco/nicotine) is a goods class
09/2023,2023-11-25,1845,2023-11-01,2023-11-25,34,tobacco/nicotine,Philip Morris Products S.A.,"Office : Quai Jeanrenaud 3, 2000 Neuchâtel, Switzerland",CH,DELIA,2023-11-25,2023-12-30,goods: distribution via importers; broad entry (9 classes this issue),class 34 (tobacco/nicotine) is a goods class
09/2023,2023-11-25,1847,2023-11-01,2023-11-25,34,tobacco/nicotine,Philip Morris Products S.A.,"Office : Quai Jeanrenaud 3, 2000 Neuchâtel, Switzerland",CH,LEVIA,2023-11-25,2023-12-30,goods: distribution via importers; broad entry (9 classes this issue),class 34 (tobacco/nicotine) is a goods class
09/2023,2023-11-25,1848,2023-11-01,2023-11-25,34,tobacco/nicotine,Philip Morris Products S.A.,"Office : Quai Jeanrenaud 3, 2000 Neuchâtel, Switzerland",CH,ILUMA,2023-11-25,2023-12-30,goods: distribution via importers; broad entry (9 classes this issue),class 34 (tobacco/nicotine) is a goods class
09/2023,2023-11-25,1849,2023-11-01,2023-11-25,34,tobacco/nicotine,Philip Morris Products S.A.,"Office : Quai Jeanrenaud 3, 2000 Neuchâtel, Switzerland",CH,TEREA,2023-11-25,2023-12-30,goods: distribution via importers; broad entry (9 classes this issue),class 34 (tobacco/nicotine) is a goods class
09/2023,2023-11-25,1850,2023-11-01,2023-11-25,34,tobacco/nicotine,Philip Morris Products S.A.,"Office : Quai Jeanrenaud 3, 2000 Neuchâtel, Switzerland",CH,IQOS,2023-11-25,2023-12-30,goods: distribution via importers; broad entry (9 classes this issue),class 34 (tobacco/nicotine) is a goods class
09/2023,2023-11-25,1851,2023-11-01,2023-11-25,34,tobacco/nicotine,Philip Morris Products S.A.,"Office : Quai Jeanrenaud 3, 2000 Neuchâtel, Switzerland (22) SO - Industrial Property Journal - No. 09/2023 25 November, 2023",CH,,2023-11-25,2023-12-30,goods: distribution via importers; broad entry (9 classes this issue),class 34 (tobacco/nicotine) is a goods class
09/2023,2023-11-25,1852,2023-11-01,2023-11-25,34,tobacco/nicotine,Philip Morris Products S.A.,"Office : Quai Jeanrenaud 3, 2000 Neuchâtel, Switzerland",CH,,2023-11-25,2023-12-30,goods: distribution via importers; broad entry (9 classes this issue),class 34 (tobacco/nicotine) is a goods class
09/2023,2023-11-25,1853,2023-11-01,2023-11-25,34,tobacco/nicotine,Philip Morris Products S.A.,"Office : Quai Jeanrenaud 3, 2000 Neuchâtel, Switzerland",CH,VEEV,2023-11-25,2023-12-30,goods: distribution via importers; broad entry (9 classes this issue),class 34 (tobacco/nicotine) is a goods class
09/2023,2023-11-25,1885,2023-11-27,2023-11-25,8,hand tools,VERTICE GLOBAL PRIVATE LIMITED,"Office : SURVEY NO.238, KESHAVARAM VILLAGE, SHAMEERPET MANDAL, HYDERABAD - 500078 TELANGANA STATE., INDIA",IN,SILVERMAX,2023-11-25,2023-12-30,goods: distribution via importers,class 8 (hand tools) is a goods class
09/2023,2023-11-25,1886,2023-11-27,2023-11-25,25,apparel,Chen Eryue,"Office : No.124, Lane 5, Xincuowei, Renhe Village, Shiyan District, Jieyang City 522000, Guangdong Province, China",CN,,2023-11-25,2023-12-30,goods: distribution via importers,class 25 (apparel) is a goods class
09/2023,2023-11-25,1889,2023-11-25,2023-11-25,32,beverages,Monster Energy Company,"1 Monster Way Corona, California PREDATOR ENERGY 92879 USA",US,,2023-11-25,2023-12-30,goods: distribution via importers,class 32 (beverages) is a goods class
09/2023,2023-11-25,1887,2023-11-25,2023-11-25,12,vehicles,HYUNDAI MOTOR COMPANY EXTER,"12, Heolleung-ro, Seocho-gu, Seoul, Republic of Korea",KR,,2023-11-25,2023-12-30,goods: distribution via importers,class 12 (vehicles) is a goods class
09/2023,2023-11-25,1884,2023-11-25,2023-11-25,5,pharma,LABORATOIRE INNOTECH TOTYLEM INTERNATIONAL,22 Avenue Aristide Briand 94110 Arcueil France ---------------------------------------------------------------,FR,,2023-11-25,2023-12-30,goods: distribution via importers,class 5 (pharma) is a goods class
10/2024,2024-01-25,1860,2023-11-09,2024-01-25,34,tobacco/nicotine,Imperial Tobacco Limited,"121 Winterstoke Road, Bristol, BS3 2LL, England",GB,,2023-01-25,2024-03-01,goods: distribution via importers,class 34 (tobacco/nicotine) is a goods class
10/2024,2024-01-25,1890,2023-11-29,2024-01-25,29,food (processed),Durrah Advanced Development Company,"Yanbu, King Abdulaziz Rd. Ar Rabie Dist. Building 4024 – 6649 Saudi Arabia.",SA,,2023-01-25,2024-03-01,goods: distribution via importers,class 29 (food (processed)) is a goods class
10/2024,2024-01-25,1891,2023-11-29,2024-01-25,30,food (staples/confectionery),Durrah Advanced Development Company,"Yanbu, King Abdulaziz Rd. Ar Rabie Dist. Building 4024 – 6649 Saudi Arabia.",SA,,2023-01-25,2024-03-01,goods: distribution via importers,class 30 (food (staples/confectionery)) is a goods class
10/2024,2024-01-25,1892,2023-11-30,2024-01-25,28,toys,LEGO Juris A/S,"7190 Billund, Denmark",DK,LEGO,2023-01-25,2024-03-01,goods: distribution via importers,class 28 (toys) is a goods class
10/2024,2024-01-25,1896,2023-12-02,2024-01-25,29,food (processed),"Foshan Haitian Flavouring & Food Co., Ltd","No. 16, Wen Sha Road, Chancheng District, Foshan City Guangdong Province (CN).",CN,,2023-01-25,2024-03-01,goods: distribution via importers; broad entry (4 classes this issue),class 29 (food (processed)) is a goods class
10/2024,2024-01-25,1893,2023-12-02,2024-01-25,30,food (staples/confectionery),"Foshan Haitian Flavouring & Food Co., Ltd","No. 16, Wen Sha Road, Chancheng District, Foshan City Guangdong Province (CN).",CN,,2023-01-25,2024-03-01,goods: distribution via importers; broad entry (4 classes this issue),class 30 (food (staples/confectionery)) is a goods class
10/2024,2024-01-25,1894,2023-12-02,2024-01-25,31,agri,"Foshan Haitian Flavouring & Food Co., Ltd","No. 16, Wen Sha Road, Chancheng District, Foshan City Guangdong Province (CN).",CN,,2023-01-25,2024-03-01,goods: distribution via importers; broad entry (4 classes this issue),class 31 (agri) is a goods class
10/2024,2024-01-25,1895,2023-12-02,2024-01-25,32,beverages,"Foshan Haitian Flavouring & Food Co., Ltd","No. 16, Wen Sha Road, Chancheng District, Foshan City Guangdong Province (CN).",CN,,2023-01-25,2024-03-01,goods: distribution via importers; broad entry (4 classes this issue),class 32 (beverages) is a goods class
10/2024,2024-01-25,1907,2023-12-09,2024-01-25,9,electronics/software,PIONEER CORPORATION,"28-8, Honkomagome 2-chome, Bunkyo-ku, Tokyo, Japan.",JP,,2023-01-25,2024-03-01,goods: distribution via importers,class 9 (electronics/software) is a goods class
10/2024,2024-01-25,1906,2023-12-09,2024-01-25,9,electronics/software,PIONEER CORPORATION,"28-8, Honkomagome 2-chome, Bunkyo-ku, Tokyo, Japan.",JP,,2023-01-25,2024-03-01,goods: distribution via importers,class 9 (electronics/software) is a goods class
10/2024,2024-01-25,1905,2023-12-09,2024-01-25,34,tobacco/nicotine,KINGDOM HEALTHCARE HOLDINGS LIMITED.GUANGDONG,"23, East Baoshi Road, Guicheng Avenue, Nanhai District, Foshan City, Guangdong Province, China",CN,,2023-01-25,2024-03-01,goods: distribution via importers,class 34 (tobacco/nicotine) is a goods class
10/2024,2024-01-25,1906,2023-12-09,2024-01-25,9,electronics/software,British American Tobacco (Brands) Limited,"Globe House, 4 Temple Place, London WC2R 2PG, United Kingdom.",GB,,2023-01-25,2024-03-01,goods: distribution via importers,class 9 (electronics/software) is a goods class
10/2024,2024-01-25,1912,2023-12-13,2024-01-25,2,paints,BGI Limited,"P.O. Box 121586, Dubai, United Arab Emirates.",AE,,2023-01-25,2024-03-01,goods: distribution via importers; broad entry (4 classes this issue),class 2 (paints) is a goods class
10/2024,2024-01-25,1913,2023-12-13,2024-01-25,2,paints,BGI Limited,"Rolla Street, Bur – Dubai, United Arab Emirates.",AE,,2023-01-25,2024-03-01,goods: distribution via importers; broad entry (4 classes this issue),class 2 (paints) is a goods class
10/2024,2024-01-25,1910,2023-12-13,2024-01-25,2,paints,BGI Limited,"Rolla Street, Bur – Dubai, United Arab Emirates.",AE,,2023-01-25,2024-03-01,goods: distribution via importers; broad entry (4 classes this issue),class 2 (paints) is a goods class
10/2024,2024-01-25,1911,2023-12-13,2024-01-25,1,chemicals,BGI Limited,"Rolla Street, Bur – Dubai, United Arab Emirates.",AE,,2023-01-25,2024-03-01,goods: distribution via importers; broad entry (4 classes this issue),class 1 (chemicals) is a goods class
10/2024,2024-01-25,1915,2023-12-16,2024-01-25,34,tobacco/nicotine,British American Tobacco (Brands) Limited,"Globe House, 4 Temple Place, London WC2R 2PG, United Kingdom.",GB,,2023-01-25,2024-03-01,goods: distribution via importers,class 34 (tobacco/nicotine) is a goods class
10/2024,2024-01-25,1914,2023-12-16,2024-01-25,34,tobacco/nicotine,Nicoventures Holdings Limited,"Globe House, 1 Water Street, London WC2R 3LA, United Kingdom.",GB,,2023-01-25,2024-03-01,goods: distribution via importers,class 34 (tobacco/nicotine) is a goods class
10/2024,2024-01-25,1922,2023-12-23,2024-01-25,12,vehicles,Hyundai Motor Company,"12, Heolleung-ro, Seocho-gu, Seoul, (137-938), Republic of Korea.",KR,IONIQ,2023-01-25,2024-03-01,goods: distribution via importers,class 12 (vehicles) is a goods class
10/2024,2024-01-25,1916,2023-12-20,2024-01-25,14,watches/jewellery,MIDO AG (MIDO SA) (MIDO LTD),"Chemin des Tourelles 17, 2400 Le Locle, Switzerland.",CH,,2023-01-25,2024-03-01,goods: distribution via importers,class 14 (watches/jewellery) is a goods class
10/2024,2024-01-25,1917,2023-12-20,2024-01-25,14,watches/jewellery,CERTINA AG (CERTINA SA) (CERTINA LTD),"Chemin des Tourelles 17, 2400 Le Locle, Switzerland.",CH,,2023-01-25,2024-03-01,goods: distribution via importers,class 14 (watches/jewellery) is a goods class
10/2024,2024-01-25,1918,2023-12-20,2024-01-25,14,watches/jewellery,Swatch AG (Swatch SA) (Swatch Ltd.),"Nicolas G. Hayek Strasse 1, 2502 Biel/Bienne, Switzerland.",CH,,2023-01-25,2024-03-01,goods: distribution via importers,class 14 (watches/jewellery) is a goods class
10/2024,2024-01-25,1927,2024-01-03,2024-01-25,30,food (staples/confectionery),SOREMARTEC S.A.,"16, Route de Trèves, Senningerberg L2633, Luxembourg.",LU,KINDER JOY,2023-01-25,2024-03-01,goods: distribution via importers,class 30 (food (staples/confectionery)) is a goods class
10/2024,2024-01-25,1928,2024-01-03,2024-01-25,30,food (staples/confectionery),SOREMARTEC S.A.,"16, Route de Trèves, Senningerberg L2633, Luxembourg.",LU,RAFFAELLO,2023-01-25,2024-03-01,goods: distribution via importers,class 30 (food (staples/confectionery)) is a goods class
10/2024,2024-01-25,1930,2024-01-03,2024-01-25,3,cosmetics/cleaning,"YIWU RASHEL TRADING CO., LTD","Room 3110, 3111 & 3112, 31st Floor, Global Building, No.168 Finance 6th Street, Financial Commerce District, Futian Street, Yiwu City, Zhejiang Province, China.",CN,,2023-01-25,2024-03-01,goods: distribution via importers,class 3 (cosmetics/cleaning) is a goods class
10/2024,2024-01-25,1929,2024-01-03,2024-01-25,3,cosmetics/cleaning,"YIWU RASHEL TRADING CO., LTD","Room 3110, 3111 & 3112, 31st Floor, Global Building, No.168 Finance 6th Street, Financial Commerce District, Futian Street, Yiwu City, Zhejiang Province, China.",CN,,2023-01-25,2024-03-01,goods: distribution via importers,class 3 (cosmetics/cleaning) is a goods class
10/2024,2024-01-25,1931,2024-01-03,2024-01-25,37,construction/repair services,Exxon Mobil Corporation,"22777 Springwoods Village Pkwy, Spring, Texas 77389, United States of America.",US,MOBIL,2023-01-25,2024-03-01,services: local operations implied; broad entry (6 classes this issue),class 37 (construction/repair services) covers services performed in-country
10/2024,2024-01-25,1932,2024-01-03,2024-01-25,25,apparel,Exxon Mobil Corporation,"22777 Springwoods Village Pkwy, Spring, Texas 77389, United States of America.",US,MOBIL,2023-01-25,2024-03-01,goods: distribution via importers; broad entry (6 classes this issue),class 25 (apparel) is a goods class
10/2024,2024-01-25,1945,2024-01-13,2024-01-25,3,cosmetics/cleaning,Exxon Mobil Corporation,"22777 Springwoods Village Pkwy, Spring, Texas 77389, United States of America.",US,MOBIL,2023-01-25,2024-03-01,goods: distribution via importers; broad entry (6 classes this issue),class 3 (cosmetics/cleaning) is a goods class
10/2024,2024-01-25,1945,2024-01-13,2024-01-25,4,lubricants/fuels,Exxon Mobil Corporation,"22777 Springwoods Village Pkwy, Spring, Texas 77389, United States of America.",US,MOBIL,2023-01-25,2024-03-01,goods: distribution via importers; broad entry (6 classes this issue),class 4 (lubricants/fuels) is a goods class
10/2024,2024-01-25,1943,2024-01-13,2024-01-25,9,electronics/software,Exxon Mobil Corporation,"22777 Springwoods Village Pkwy, Spring, Texas 77389, United States of America.",US,MOBIL,2023-01-25,2024-03-01,goods: distribution via importers; broad entry (6 classes this issue),class 9 (electronics/software) is a goods class
10/2024,2024-01-25,1942,2024-01-13,2024-01-25,1,chemicals,Exxon Mobil Corporation,"22777 Springwoods Village Pkwy, Spring, Texas 77389, United States of America.",US,,2023-01-25,2024-03-01,goods: distribution via importers; broad entry (6 classes this issue),class 1 (chemicals) is a goods class
10/2024,2024-01-25,1933,2024-01-03,2024-01-25,3,cosmetics/cleaning,International Foodstuffs Co. LLC.,"P.O Box 4115, Sharjah, United Arab Emirates.",AE,SOLAR,2023-01-25,2024-03-01,goods: distribution via importers,class 3 (cosmetics/cleaning) is a goods class
10/2024,2024-01-25,1934,2024-01-03,2024-01-25,39,transport/logistics services,Space Exploration Technologies Corp.,"1 Rocket Road, Hawthorne, California 90250, United States of America.",US,STARLINK,2023-01-25,2024-03-01,services: local operations implied,class 39 (transport/logistics services) covers services performed in-country
10/2024,2024-01-25,1936,2024-01-09,2024-01-25,30,food (staples/confectionery),Ferrero S.p.A.,"Piazzale Pietro Ferrero 1, 12051 Alba, Cuneo, Italy.",IT,KINDER,2023-01-25,2024-03-01,goods: distribution via importers; broad entry (4 classes this issue),class 30 (food (staples/confectionery)) is a goods class
10/2024,2024-01-25,1937,2024-01-09,2024-01-25,30,food (staples/confectionery),Ferrero S.p.A.,"Piazzale Pietro Ferrero 1, 12051 Alba, Cuneo, Italy.",IT,FERRERO,2023-01-25,2024-03-01,goods: distribution via importers; broad entry (4 classes this issue),class 30 (food (staples/confectionery)) is a goods class
10/2024,2024-01-25,1938,2024-01-09,2024-01-25,30,food (staples/confectionery),Ferrero S.p.A.,"Piazzale Pietro Ferrero 1, 12051 Alba, Cuneo, Italy.",IT,ROCHER,2023-01-25,2024-03-01,goods: distribution via importers; broad entry (4 classes this issue),class 30 (food (staples/confectionery)) is a goods class
10/2024,2024-01-25,1939,2024-01-09,2024-01-25,30,food (staples/confectionery),Ferrero S.p.A.,"Piazzale Pietro Ferrero 1, 12051 Alba, Cuneo, Italy.",IT,NUTELLA,2023-01-25,2024-03-01,goods: distribution via importers; broad entry (4 classes this issue),class 30 (food (staples/confectionery)) is a goods class
10/2024,2024-01-25,1947,2024-01-10,2024-01-25,12,vehicles,HYUNDAI MOTOR COMPANY,"12, HEOLLEUNG-RO, SEOCHO-GU, SEOUL 06797, REPUBLIC OF KOREA.",KR,STARGAZER,2023-01-25,2024-03-01,goods: distribution via importers,class 12 (vehicles) is a goods class
10/2024,2024-01-25,1940,2024-01-10,2024-01-25,30,food (staples/confectionery),Pak Gida Üretim ve Pazarlama Anonim Sirketi,"Prof. Dr. Bulent Tarcan Caddesi Engin Pak Is Merkezi No:5 Gayrettepe Besiktas, Istanbul, Turkey.",TR,,2023-01-25,2024-03-01,goods: distribution via importers,class 30 (food (staples/confectionery)) is a goods class
10/2024,2024-01-25,1953,2024-01-13,2024-01-25,3,cosmetics/cleaning,Alfred Kärcher SE & Co. KG,"Alfred-Kärcher-Strasse 28 – 40,71364 Winnenden, Germany.",DE,,2023-01-25,2024-03-01,goods: distribution via importers; broad entry (6 classes this issue),class 3 (cosmetics/cleaning) is a goods class
10/2024,2024-01-25,1954,2024-01-13,2024-01-25,7,machinery,Alfred Kärcher SE & Co. KG,"Alfred-Kärcher-Strasse 28 – 40,71364 Winnenden, Germany.",DE,,2023-01-25,2024-03-01,goods: distribution via importers; broad entry (6 classes this issue),class 7 (machinery) is a goods class
10/2024,2024-01-25,1956,2024-01-13,2024-01-25,9,electronics/software,Alfred Kärcher SE & Co. KG,"Alfred-Kärcher-Strasse 28 – 40,71364 Winnenden, Germany.",DE,,2023-01-25,2024-03-01,goods: distribution via importers; broad entry (6 classes this issue),class 9 (electronics/software) is a goods class
10/2024,2024-01-25,1955,2024-01-13,2024-01-25,11,appliances,Alfred Kärcher SE & Co. KG,"Alfred-Kärcher-Strasse 28 – 40,71364 Winnenden, Germany.",DE,,2023-01-25,2024-03-01,goods: distribution via importers; broad entry (6 classes this issue),class 11 (appliances) is a goods class
10/2024,2024-01-25,1959,2024-01-13,2024-01-25,35,retail/advertising services,Alfred Kärcher SE & Co. KG,"Alfred-Kärcher-Strasse 28 – 40,71364 Winnenden, Germany.",DE,,2023-01-25,2024-03-01,services: local operations implied; broad entry (6 classes this issue),class 35 (retail/advertising services) covers services performed in-country
10/2024,2024-01-25,1946,2024-01-13,2024-01-25,37,construction/repair services,Alfred Kärcher SE & Co. KG,"Alfred-Kärcher-Strasse 28 – 40,71364 Winnenden, Germany.",DE,,2023-01-25,2024-03-01,services: local operations implied; broad entry (6 classes this issue),class 37 (construction/repair services) covers services performed in-country
10/2024,2024-01-25,1957,2024-01-13,2024-01-25,34,tobacco/nicotine,Swedish Match North Europe AB,"Sveavägen 44, 118 85 Stockholm, Sweden.",SE,ZYN,2023-01-25,2024-03-01,goods: distribution via importers,class 34 (tobacco/nicotine) is a goods class
10/2024,2024-01-25,1965,2024-01-18,2024-01-25,28,toys,LEGO Juris A/S,"7190 Billund, Denmark",DK,,2023-01-25,2024-03-01,goods: distribution via importers,class 28 (toys) is a goods class
10/2024,2024-01-25,1964,2024-01-18,2024-01-25,35,retail/advertising services,QTERMINALS,"Shoumoukh Towers, Tower A, 15th Floor Suhaim Bin Hamad Street (C Ring Road) Building No. 58, Street 231, Zone 23 P.O. Box: 11112, Doha Qatar",QA,,2023-01-25,2024-03-01,services: local operations implied,class 35 (retail/advertising services) covers services performed in-country
10/2024,2024-01-25,1963,2024-01-18,2024-01-25,39,transport/logistics services,QTERMINALS,"Shoumoukh Towers, Tower A, 15th Floor Suhaim Bin Hamad Street (C Ring Road) Building No. 58, Street 231, Zone 23 P.O. Box: 11112, Doha Qatar",QA,,2023-01-25,2024-03-01,services: local operations implied,class 39 (transport/logistics services) covers services performed in-country
10/2024,2024-01-25,1966,2024-01-20,2024-01-25,5,pharma,BioNTech SE,"An der Goldgrube 12, 55131 Mainz, Germany.",DE,AYMCETLA,2023-01-25,2024-03-01,goods: distribution via importers,class 5 (pharma) is a goods class
10/2024,2024-01-25,1969,2024-01-20,2024-01-25,7,machinery,"Hisense Co., Ltd","No. 17, Donghaixi Road, Qingdao, P.R. China.",CN,,2023-01-25,2024-03-01,goods: distribution via importers; broad entry (3 classes this issue),class 7 (machinery) is a goods class
10/2024,2024-01-25,1968,2024-01-20,2024-01-25,9,electronics/software,"Hisense Co., Ltd","No. 17, Donghaixi Road, Qingdao, P.R. China.",CN,,2023-01-25,2024-03-01,goods: distribution via importers; broad entry (3 classes this issue),class 9 (electronics/software) is a goods class
10/2024,2024-01-25,1967,2024-01-20,2024-01-25,11,appliances,"Hisense Co., Ltd","No. 17, Donghaixi Road, Qingdao, P.R. China.",CN,,2023-01-25,2024-03-01,goods: distribution via importers; broad entry (3 classes this issue),class 11 (appliances) is a goods class
10/2024,2024-01-25,1920,2023-12-23,2024-01-25,3,cosmetics/cleaning,TANGA PHARMACEUTICAL AND PLASTICS LIMITED,"No. P. O. Box 1748, Dar Es Salaam, Ilala, Vingunguti Area, Tanzania",TZ,,2023-01-25,2024-03-01,goods: distribution via importers,class 3 (cosmetics/cleaning) is a goods class
10/2024,2024-01-25,1899,2023-12-06,2024-01-25,11,appliances,ZHEJIANG AKKO STAR ELECTRONIC TECHNOLOGY CO.,"LTD, Room 301, International Business Center, No. 399, Yinhai Road, Futian Street, Yiwu City, Jinhua City, China (Zhejiang) Pilot Free Trade Zone, Zhejiang Province, China",CN,,2023-01-25,2024-03-01,goods: distribution via importers,class 11 (appliances) is a goods class
10/2024,2024-01-25,1902,2023-12-06,2024-01-25,9,electronics/software,ZHEJIANG AKKO STAR ELECTRONIC TECHNOLOGY CO.,"LTD, Room 301, International Business Center, No. 399, Yinhai Road, Futian Street, Yiwu City, Jinhua City, China (Zhejiang) Pilot Free Trade Zone, Zhejiang Province, China",CN,,2023-01-25,2024-03-01,goods: distribution via importers,class 9 (electronics/software) is a goods class
10/2024,2024-01-25,1900,2023-12-06,2024-01-25,9,electronics/software,AIRGSM PTE. LTD.,"79 ANSON ROAD, #23-01, SINGAPORE 079906, Singapore",SG,,2023-01-25,2024-03-01,goods: distribution via importers; broad entry (3 classes this issue),class 9 (electronics/software) is a goods class
10/2024,2024-01-25,1901,2023-12-06,2024-01-25,35,retail/advertising services,AIRGSM PTE. LTD.,"79 ANSON ROAD, #23-01, SINGAPORE 079906, Singapore",SG,,2023-01-25,2024-03-01,services: local operations implied; broad entry (3 classes this issue),class 35 (retail/advertising services) covers services performed in-country
10/2024,2024-01-25,1903,2023-12-06,2024-01-25,38,telecom services,AIRGSM PTE. LTD.,"79 ANSON ROAD, #23-01, SINGAPORE 079906, Singapore",SG,,2023-01-25,2024-03-01,services: local operations implied; broad entry (3 classes this issue),class 38 (telecom services) covers services performed in-country
10/2024,2024-01-25,1923,2023-12-23,2024-01-25,11,appliances,Yiwu Ackiliss Electric Co.,"Ltd. , Room 2407-1, Block A, Futian Ginza, No. 99, Financial 6 Street, Financial Business District, Futian Street, Yiwu City, Jinhua, Zhejiang, China",CN,,2023-01-25,2024-03-01,goods: distribution via importers,class 11 (appliances) is a goods class
10/2024,2024-01-25,1921,2023-12-23,2024-01-25,3,cosmetics/cleaning,ZHEJIANG USHAS COSMETICS CO.,"LTD , No.1329, Yinhai Road, Yidong Industrial Park, Yiwu City, Zhejiang Province 322000 , China .",CN,,2023-01-25,2024-03-01,goods: distribution via importers,class 3 (cosmetics/cleaning) is a goods class
10/2024,2024-01-25,1925,2023-12-26,2024-01-25,34,tobacco/nicotine,Philip Morris Products S.A,"Quai Jeanrenaud 3, 2000 Neuchatel, Switzerland.",CH,,2023-01-25,2024-03-01,goods: distribution via importers,class 34 (tobacco/nicotine) is a goods class
10/2024,2024-01-25,1935,2024-01-08,2024-01-25,32,beverages,Mina Talaat Atwan and Partners,"Mymco for Foods and Beverages , Egypt - Cairo - Badr City, Plot 37, Fourth Industrial Zone",EG,,2023-01-25,2024-03-01,goods: distribution via importers,class 32 (beverages) is a goods class
10/2024,2024-01-25,1948,2024-01-13,2024-01-25,7,machinery,YIWU WINNING STAR SUPPLY CHAIN MANAGEMENT CO.,"LTD, Rm.1207, No.999 Chouzhou North Road,Yiwu City China .",CN,,2023-01-25,2024-03-01,goods: distribution via importers; broad entry (5 classes this issue),class 7 (machinery) is a goods class
10/2024,2024-01-25,1958,2024-01-13,2024-01-25,8,hand tools,YIWU WINNING STAR SUPPLY CHAIN MANAGEMENT CO.,"LTD, Rm.1207, No.999 Chouzhou North Road,Yiwu City China .",CN,,2023-01-25,2024-03-01,goods: distribution via importers; broad entry (5 classes this issue),class 8 (hand tools) is a goods class
10/2024,2024-01-25,1949,2024-01-13,2024-01-25,9,electronics/software,YIWU WINNING STAR SUPPLY CHAIN MANAGEMENT CO.,"LTD, Rm.1207, No.999 Chouzhou North Road,Yiwu City China .",CN,,2023-01-25,2024-03-01,goods: distribution via importers; broad entry (5 classes this issue),class 9 (electronics/software) is a goods class
10/2024,2024-01-25,1952,2024-01-13,2024-01-25,11,appliances,YIWU WINNING STAR SUPPLY CHAIN MANAGEMENT CO.,"LTD, Rm.1207, No.999 Chouzhou North Road,Yiwu City China .",CN,,2023-01-25,2024-03-01,goods: distribution via importers; broad entry (5 classes this issue),class 11 (appliances) is a goods class
10/2024,2024-01-25,1951,2024-01-13,2024-01-25,21,kitchenware,YIWU WINNING STAR SUPPLY CHAIN MANAGEMENT CO.,"LTD, Rm.1207, No.999 Chouzhou North Road,Yiwu City China .",CN,,2023-01-25,2024-03-01,goods: distribution via importers; broad entry (5 classes this issue),class 21 (kitchenware) is a goods class
10/2024,2024-01-25,1950,2024-01-13,2024-01-25,7,machinery,Shi Mi,"No.20-1,Group 4,Jingbian Village, Weijiaqiao Town,Shaodong County,Shaoyang City,Hunan Province,China.",CN,,2023-01-25,2024-03-01,goods: distribution via importers,class 7 (machinery) is a goods class
10/2024,2024-01-25,1947,2024-01-13,2024-01-25,8,hand tools,Shi Mi,"No.20-1,Group 4,Jingbian Village, Weijiaqiao Town,Shaodong County,Shaoyang City,Hunan Province,China.",CN,,2023-01-25,2024-03-01,goods: distribution via importers,class 8 (hand tools) is a goods class
10/2024,2024-01-25,1962,2024-01-17,2024-01-25,34,tobacco/nicotine,J.S.S. TOBACCO LTD,"Suite 404, Albany House, 324/326 Regent Street, London, United Kingdom, W1B 3HH",GB,,2023-01-25,2024-03-01,goods: distribution via importers,class 34 (tobacco/nicotine) is a goods class
10/2024,2024-01-25,1971,2024-01-21,2024-01-25,9,electronics/software,Hengyang Ritar Power Co.,"Ltd. , No.1 Huagong Road Songmu Industrail Zone, Hengyang City, Hunan Province, China.",CN,,2023-01-25,2024-03-01,goods: distribution via importers,class 9 (electronics/software) is a goods class
